id,title,collection,image,options,owner_dimensions
"15401114239299","Tucker Sofa Bed","Sofas & Chairs","/media/catalogue/70a14cd130dbd47d.webp","Deep Terra | Liberty Stone",""
"15390796513603","Scottsboro Full Foam Sofa Bed","Sofas & Chairs","/media/catalogue/3f49d1d3389296a3.webp","Light Grey | Stone",""
"15390769905987","Arga Sofa Bed","Sofas & Chairs","/media/catalogue/3cbf734ec83a0bf7.webp","Dark Grey | Blue | Pumpkin",""
"15369130770755","New York Storage Bed","Beds","/media/catalogue/21952ecb125a06e9.webp","Default Title",""
"8612243767619","Kilkenny Grey Locker","Bedroom furniture","/media/catalogue/560e1804c5089e82.webp","Default Title",""
"8612244029763","Kilkenny Mink Locker","Bedroom furniture","/media/catalogue/32ead31bd25c4d0a.webp","Default Title",""
"8612246618435","R60-M","","/media/catalogue/334d828c0957d258.webp","Default Title",""
"15362542960963","Malta Suite","Sofas & Chairs","/media/catalogue/ee7396bbc7e50d03.webp","LHF | RHF",""
"8978708726083","Fredrik Bar Stools PU","Dining","/media/catalogue/9118ae35037f7207.webp","Taupe PU | Yellow PU | Grey PU | Blue PU | Black PU",""
"15334191497539","Cedar Wood 2 Drawer Locker","Bedroom furniture","/media/catalogue/831e8c50555e0f53.webp","Sage Green | Indigo Blue | Oak | White | Ivory | Grey",""
"15298336194883","Elizabeth Ivory Metal Bed - 4'6","Beds","/media/catalogue/c6ca8e8f3994be9d.webp","Default Title",""
"9062542541123","Isra Console Table Marble","Living Room","/media/catalogue/5d09a01d8eecf596.webp","Default Title",""
"9062545621315","Isra Lamp Table Marble","Lighting","/media/catalogue/5bb4b26c9459d054.webp","Default Title",""
"15265178321219","Sheraton Recliner Sofa Range","Sofas & Chairs","/media/catalogue/ff1cd7638a327d5d.webp","3 Seater | 2 Seater | Armchair",""
"15265177764163","Kerry Recliner Sofa Range","Sofas & Chairs","/media/catalogue/3361ddc49d2c3b3a.webp","3 Seater | 2 Seater | Armchair | 3+2 Seater | 3+1 Seater | 3+2+1 Seater",""
"7674039828667","Taylor Patchwork Chair (original)","Sofas & Chairs","/media/catalogue/eb763cfe44bfc7ab.webp","Default Title",""
"15149848953155","Turner Leisure Chair w/Footstool","Chairs & Footstools","/media/catalogue/65ffe7a0dc196b2d.webp","Ash | Light Grey | Dark Grey",""
"15121610637635","Ryder Reclining Chair Ash","Chairs & Footstools","/media/catalogue/b3733a1200fa19bf.webp","Default Title",""
"15121578131779","Sienna Reclining Chair w/ Phone Holder","Chairs & Footstools","/media/catalogue/41d8bcf338aa71e9.webp","Mustard Yellow | Moss Green | Grey",""
"15111764672835","Nantes Accent Chair","Chairs & Footstools","/media/catalogue/5748ca83e98e28a5.webp","Chestnut | Graphite",""
"15111762870595","Talia Accent Chair","Chairs & Footstools","/media/catalogue/c8febccdcde5aa35.webp","Ash | Forest Green | Beige",""
"15110009553219","Pearl Lounger Bean Bag Moss","Chairs & Footstools","/media/catalogue/117adca447211ee0.webp","Default Title",""
"15110002999619","Oakley Loveseat","Sofas & Chairs","/media/catalogue/dbaaf58c7af72802.webp","Winter Moss | Winter Moss | Deep Tera | Deep Tera",""
"15109996806467","Isla Swivel Recliner with Footstool","Chairs & Footstools","/media/catalogue/7209f287e5e2e0f3.webp","Deep Ocean | Winter Moss",""
"15109982159171","Halton Lift and Rise + Massage Sofas","Chairs & Footstools","/media/catalogue/8c683fd9b0456954.webp","1 Seater | 2 Seater | 3 Seater",""
"15109961941315","Ebro Sofa Bed","Sofas & Chairs","/media/catalogue/476dd652d8d84352.webp","Blue | Dark Grey | Pumpkin",""
"15109959680323","Bremen Sofas","Chairs & Footstools","/media/catalogue/39382cf502b82992.webp","1 Seater | 2 Seater | 3 Seater",""
"9087421317443","Opera Dining Chair","Dining","/media/catalogue/031918574c529976.webp","Tan | Charcoal",""
"15062587277635","Waterloo Fabric Recliner Sofa","Sofas & Chairs","/media/catalogue/bef6513e74e23457.webp","Dark Grey | Dark Grey | Dark Grey | Coffee | Coffee | Coffee | Dark Grey | Coffee | Dark Grey | Coffee | Dark Grey | Coffee | Dark Grey | Coffee | Dark Grey | Coffee",""
"14981849284931","Boston Corner Sofa Bed - Bren","Sofas & Chairs","/media/catalogue/aa4d3da422b13fcd.webp","Navy | Light Grey",""
"14978333573443","GD001 Mirror","Accessories","/media/catalogue/c46136aea49f4718.webp","Default Title",""
"14978331705667","GD008 Mirror","Accessories","/media/catalogue/82991dcb631df8c5.webp","Default Title",""
"14978329215299","GD007 Mirror","Accessories","/media/catalogue/93b5f25d577d9d04.webp","Default Title",""
"14978153251139","GD006 Mirror","Accessories","/media/catalogue/a187b346e1cf4d98.webp","Default Title",""
"14978145354051","GD005 Mirror","Accessories","/media/catalogue/c4a96387f447a260.webp","Default Title",""
"14978129461571","GD004 Mirror","Accessories","/media/catalogue/d1bedce18144cf58.webp","Default Title",""
"14978105508163","GD003 Mirror","Accessories","/media/catalogue/0cf0c28c72fb3a81.webp","Default Title",""
"14952759492931","Modena led cheval arch - TL","Accessories","/media/catalogue/a6658fc376b60bac.webp","White | Gold",""
"14952003633475","Raphael Sofa Bed","Sofas & Chairs","/media/catalogue/5dad6711f0a72825.webp","Default Title",""
"14952000192835","Corso Sofa Bed","Sofas & Chairs","/media/catalogue/63fe18fa810da06b.webp","Rust | Winter Moss",""
"14934737486147","Nadia Vanity Dressing Table with Drawers TA","Bedroom furniture","/media/catalogue/e9d5417e2220ccfe.webp","Default Title",""
"14934558441795","Hamilton Dining Table","Dining","/media/catalogue/9ef1d75aba51a831.webp","Default Title",""
"8756826865987","Quebec Wave Edge Coffee Table Medium Oak Effect/Black - WH","Living Room","/media/catalogue/a47dad9308db406d.webp","Default Title",""
"8639647154499","Jack Lamp Table","Lighting","/media/catalogue/0d705cce8e3762f9.webp","Default Title",""
"8639646597443","Jack Coffee Table","Living Room","/media/catalogue/1987343c8223cd6a.webp","Default Title",""
"8639645942083","Jack TV Unit","Living Room","/media/catalogue/78de850f14cad45d.webp","Default Title",""
"14887995965763","Ventura 3ft Metal Bunk Beds","Kids Furniture","/media/catalogue/89ad3726aaf9d722.webp","Black | Silver",""
"14887992459587","Brandon 3ft Metal Frame Bunk Bed","Kids Furniture","/media/catalogue/84e576f67b2a210e.webp","Black | White | Silver",""
"9137613406531","Tandi Triple Sleeper Bunk Bed","Kids Furniture","/media/catalogue/a655d29d73298f76.webp","Black | Silver",""
"14887848739139","Neptune Triple Sleeper Bunk Bed Dark Grey/Oak Effect","Kids Furniture","/media/catalogue/d7efe6cf2b1eccbe.webp","Default Title",""
"14887795392835","Neptune Triple Sleeper Bunk Bed White","Kids Furniture","/media/catalogue/cfbd63b3df819c2a.webp","Default Title",""
"14887771472195","Neptune 3ft Bunk Bed Dark Grey/Oak Effect","Kids Furniture","/media/catalogue/c130592c0671523e.webp","Default Title",""
"14887769735491","Neptune 3ft Bunk Bed White","Kids Furniture","/media/catalogue/4383a8972dfd6af5.webp","Default Title",""
"14884205822275","Zoey 4 Door 2 Mirrored Wardrobe","Bedroom furniture","/media/catalogue/6fc361d990596314.webp","Alpine White | Artisan Oak",""
"14884153065795","Voyager 3 Door 2 Drawer Wardrobe","Bedroom furniture","/media/catalogue/3ede10bf4cc95b43.webp","Metallic Grey / White | Metallic Grey/Artisan Oak",""
"14884106961219","Sliderobe 2 Door 1 Mirror Wardrobe","Bedroom furniture","/media/catalogue/a7f147b64e105f3e.webp","Alpine White | Artisan Oak",""
"14884069474627","Stuttgart Sliding 2 Door 1 Mirror Wardrobe","Bedroom furniture","/media/catalogue/4fe4239b3e48aabb.webp","Default Title",""
"14884024418627","Stuttgart 3 Door Central Mirror Wardrobe","Bedroom furniture","/media/catalogue/e2a390a645c6c7d2.webp","Default Title",""
"14883964944707","Skyla 4 Door 2 Mirror Wardrobe","Bedroom furniture","/media/catalogue/7cf96281608c7b8e.webp","Alpine White | San Remo Oak",""
"14883964748099","Sevilla 2 Door 1 Mirror 2 Drawer Sliding Wardrobe Alpine White","Bedroom furniture","/media/catalogue/3d0312a89656f459.webp","Default Title",""
"14878031413571","Oakland 5 Door 3 Mirror 2 Drawer Wardrobe 2.26m","Bedroom furniture","/media/catalogue/01b6d29b633090b1.webp","Default Title",""
"14878029054275","Monza 2 Door 1 Half Mirror Sliding Wardrobe 2.18","Bedroom furniture","/media/catalogue/95fcf877b1be6d85.webp","Default Title",""
"14878010310979","Monza 4 Door 2 Split Mirror Wardrobe 2.18m","Bedroom furniture","/media/catalogue/e8f6173f62d98e6f.webp","Default Title",""
"14877990486339","Mainz 4 Door 2 Mirror 2 Drawer Wardrobe Alpine White 1.8m","Bedroom furniture","/media/catalogue/45371d1403b54e7a.webp","Default Title",""
"14877971054915","Kronach Two Sliding Door Mirrored Wardrobe 2.25m","Bedroom furniture","/media/catalogue/df14026b489b5bd6.webp","Default Title",""
"14877951557955","Joel 2 Door 2 Mirror 2 Drawer Wardrobe Alpine White","Bedroom furniture","/media/catalogue/645fafce512e0f57.webp","Default Title",""
"14877940252995","Imperial 3 door Sliding Wardrobe with Central Mirror 3m","Bedroom furniture","/media/catalogue/972e2397b07c11dc.webp","Silk Grey | White | Sonoma Oak",""
"14877939794243","Imperial 3 door Sliding Wardrobe with Central Mirror 2.5m","Bedroom furniture","/media/catalogue/972e2397b07c11dc.webp","Silk Grey | White | Sonoma Oak",""
"14877922492739","Fellbach Sliding 2 Door 2 1/2 Mirror Wardrobe","Bedroom furniture","/media/catalogue/7f24bbf7d0e55c40.webp","White | San Remo Oak",""
"14877911777603","Ellesse 4 Door 2 Mirror 2 Drawer Wardrobe","Bedroom furniture","/media/catalogue/0f831b33890c59bf.webp","Alpine White | Silk Grey",""
"14877882810691","Cadiz 2 Door 1 Mirror Sliding Wardrobe","Bedroom furniture","/media/catalogue/03c63ce4d2bc4394.webp","Default Title",""
"14877793845571","Belluno 2 Door 1 Mirror Sliding Wardrobe Artisan Oak","Bedroom furniture","/media/catalogue/4d7c1f21f58966a4.webp","Default Title",""
"14877676634435","Arnstein 2 Door 1 Mirror 2 Drawer","Accessories","/media/catalogue/faf9bec46c545c3f.webp","White | White/Oak",""
"8985711083843","Colton 4’6 White Bed","Beds","/media/catalogue/e00d6f1606b8c87e.webp","Default Title",""
"14875313799491","Malvern 8 Drawer Chest","Bedroom furniture","/media/catalogue/286e2b97bcf9789b.webp","White | Urban Snow | Sonoma Oak Effect | Grey | Black",""
"14741061009731","Chrissie Dining Set","Dining","/media/catalogue/9e467ffc184e4fa5.webp","Default Title",""
"14741058486595","Chrissie 2m Dining Table Set /w Bench","Dining","/media/catalogue/0475e13c75686193.webp","Default Title",""
"8639687655747","Dario Round Table with Black Legs","Dining","/media/catalogue/85e1d26adcec6230.webp","Default Title",""
"9062539788611","Matrix Lamp Table Marble","Lighting","/media/catalogue/41c6f1cb7b04f6d6.webp","Default Title",""
"9062537298243","Matrix Coffee Table Light Marble","Lighting","/media/catalogue/1672975d93ae586f.webp","Default Title",""
"9087359287619","Fredrik Tall Bookcase","Living Room","/media/catalogue/93c956b54d4e7080.webp","Grey Marble | Oak | Walnut",""
"14671904080195","Sam Bedframe","Beds","/media/catalogue/c4bbcea2b5ece3dc.webp","Single | Double | King",""
"9182345101635","Wendy Velvet Tub Chair","Sofas & Chairs","/media/catalogue/a02c37d611d10454.webp","Rose | Green",""
"6884152311995","Roxy Chaise Lounge","Sofas & Chairs","/media/catalogue/41551dddfdc38156.webp","Grey | Grey",""
"6884152246459","Roxy 3 Seater Sofa","Sofas & Chairs","/media/catalogue/60b0437543461d10.webp","Grey",""
"8720675930435","Vienna Locker","Bedroom furniture","/media/catalogue/e3757f9f05cd60da.webp","Default Title",""
"8720721051971","Vienna Dressing Table","Bedroom furniture","/media/catalogue/201d0619174e6b76.webp","Default Title",""
"8720705519939","Vienna 5 Drawer Chest","Bedroom furniture","/media/catalogue/b96ebca08ae90ee7.webp","Default Title",""
"6819443933371","Orthopedic Chair","Chairs & Footstools","/media/catalogue/d6f74eb3863149ca.webp","Black | Brown | Amorie Burgandy | Tan",""
"9061617762627","Francesca Bedside Locker","Bedroom furniture","/media/catalogue/d4499677f7aba963.webp","Default Title",""
"9493617738051","Donegal Cream Ottoman","Bedroom furniture","/media/catalogue/0d1d5dbec9692e75.webp","Default Title",""
"9493608071491","Donegal Grey Ottoman","Bedroom furniture","/media/catalogue/690fce0c1fd0cc3a.webp","Default Title",""
"9493594145091","Roscommon Locker","Bedroom furniture","/media/catalogue/157dc64e21d5f056.webp","Default Title",""
"9409496842563","Waterford Blanket Box","Bedroom furniture","/media/catalogue/3af4535834a561c0.webp","Green | Grey",""
"9409484521795","Waterford Locker","Bedroom furniture","/media/catalogue/23fc49620eaae93f.webp","Green | Grey",""
"9409455292739","Waterford Bed Grey","Beds","/media/catalogue/287fe739867c896a.webp","Double | King",""
"9409434648899","Waterford Bed Green","Beds","/media/catalogue/d43407734122ffe7.webp","Double | King",""
"8630277964099","Evan 1 Seater Lift & Rise Sultry","Sofas & Chairs","/media/catalogue/604b45188ba90651.webp","Default Title",""
"9415407665475","Nevada 2 Door 1 Drawer Wardrobe Bedroom Set (Grey Gloss/Light Oak Effect Veneer) WH","Bedroom furniture","/media/catalogue/97ca4997fdc75fe5.webp","Default Title",""
"8756654178627","Durham Coffee Table - WH","Living Room","/media/catalogue/e4325d884f7c17a5.webp","Default Title",""
"9182453891395","Mattia Lift & Rise Chair","Chairs & Footstools","/media/catalogue/1e52993de4fe1ba7.webp","Grey | Tan",""
"9183609553219","Ember Fireside Fabric Chair","Chairs & Footstools","/media/catalogue/69c17b1c870b3f6c.webp","Arm Chair | Loveseat",""
"9183595168067","Blaze Fireside Fabric Chair","Chairs & Footstools","/media/catalogue/57884f12557484a5.webp","Arm Chair | Loveseat",""
"6819410575547","Brandon Armchair","Chairs & Footstools","/media/catalogue/35dc9befd176215f.webp","Oatmeal | Light Grey | Herbert Grey",""
"9182311481667","Wendy Boucle Chair","Sofas & Chairs","/media/catalogue/dd607df55043fe02.webp","Cream | Grey",""
"9182265344323","Reese Accent Chair","Chairs & Footstools","/media/catalogue/fac36251b2be2a47.webp","Green | Light Grey | Rust",""
"8629913223491","Bray Accent Chair","Chairs & Footstools","/media/catalogue/d69e4cf29c0dead7.webp","Rust | Washed Denim",""
"8765182542147","Kendra Accent Chair Grey Fabric","Chairs & Footstools","/media/catalogue/5a24961a5d4ba3f7.webp","Default Title",""
"9180502884675","T108019S Lamp","Lighting","/media/catalogue/3a9ce5fd7a530f25.webp","Default Title",""
"9180415099203","T209023 Lamp","Lighting","/media/catalogue/ed9b55f1b67be114.webp","Default Title",""
"9180409168195","T209026 Lamp","Lighting","/media/catalogue/341a8c04ec8c4e3e.webp","Default Title",""
"9180391801155","T209027 Lamp","Lighting","/media/catalogue/9ecf0a2fa75e9663.webp","Default Title",""
"9180413624643","T209024 Lamp","Lighting","/media/catalogue/f0ee6d3a41906e6e.webp","Default Title",""
"9180422799683","T108015B Lamp","Lighting","/media/catalogue/a0341783fea3e166.webp","Default Title",""
"9180420669763","T108040A Lamp","Lighting","/media/catalogue/0542b0466219c2fc.webp","Default Title",""
"9180418998595","T108020B Lamp","Lighting","/media/catalogue/9a43a0448c6951a0.webp","Default Title",""
"9180417687875","T209022 Lamp","Lighting","/media/catalogue/296019c70feed4d6.webp","Default Title",""
"9180485648707","T2314 Lamp","Lighting","/media/catalogue/7e63340be1cb0ebf.webp","Default Title",""
"9180449702211","T108011 Lamp","Lighting","/media/catalogue/015833607ffa60cb.webp","Default Title",""
"9180443214147","T108002 Lamp","Lighting","/media/catalogue/102d71d2522aa9c8.webp","Default Title",""
"9180429156675","T209018W Lamp","Lighting","/media/catalogue/e42af4b4ac8f3fe8.webp","Default Title",""
"9180498395459","T2312 Lamp","Lighting","/media/catalogue/12502d01767b4e5b.webp","Default Title",""
"9180496986435","T2311 Lamp","Lighting","/media/catalogue/c203cc22683d1b89.webp","Default Title",""
"9180495085891","T2313 Lamp","Lighting","/media/catalogue/568553fd46947e0c.webp","Default Title",""
"9180492497219","T2315 Lamp","Lighting","/media/catalogue/28933406069c82ec.webp","Default Title",""
"9180499837251","F209029 Lamp","Lighting","/media/catalogue/1649cd82842a2196.webp","Default Title",""
"9180501016899","F209028 Lamp","Lighting","/media/catalogue/e85979927de9bfeb.webp","Default Title",""
"9135441609027","Giada Recliner Chair","Chairs & Footstools","/media/catalogue/e1ea6f0b5bcbf539.webp","Sapphire Blue | Light Grey",""
"8821772812611","Roma Dining Set","Dining","/media/catalogue/56ee6741345aef60.webp","Default Title",""
"6819441279163","Snug Milano Bean Chair","Chairs & Footstools","/media/catalogue/63cd7624315a877b.webp","Blue | Grey | Black | Pink | Red",""
"8802447688003","Quebec Wave Edge Console Table - WH","Living Room","/media/catalogue/786220fc2f65cf2c.webp","Grey | Oak",""
"8756517241155","Athens Rectangular Coffee Table Concrete Effect/Black - WH","Living Room","/media/catalogue/25d1ffbb8adb53d9.webp","Default Title",""
"8756510196035","Athens Oval Coffee Table Concrete Effect/Black - WH","Living Room","/media/catalogue/1422b6a64fd50790.webp","Default Title",""
"6967471440059","Vicenza Coffee Table Light Grey","Lighting","/media/catalogue/2d5200214746ae4d.webp","Default Title",""
"8639690277187","Dario Round Table with Chrome Legs","Dining","/media/catalogue/fb0bbb005e880720.webp","Default Title",""
"9113152520515","Blaine Sectional 2R-C-2R","Sofas & Chairs","/media/catalogue/b167b3c55fa62df2.webp","Steel Blue | Chestnut",""
"9113274745155","Waterville Swivel & Glide Chair","Sofas & Chairs","/media/catalogue/f858df559250bce5.webp","Chestnut | Dark Grey | Leroy Grey | Light Grey",""
"9061486002499","Montreal Stool","","/media/catalogue/126658eb3dd230d5.webp","Default Title",""
"9061482266947","Montreal Dining Set","Dining","/media/catalogue/44412c422df22f4e.webp","Default Title",""
"9061451006275","Chrissie Stool","Chairs & Footstools","/media/catalogue/2a1dec63b635bd17.webp","Default Title",""
"9087401492803","Angela Dining Chair","Dining","/media/catalogue/95a8968eebbb7a2a.webp","Midnight Blue | Salmon | Grey | Sage Green | Taupe",""
"9087415353667","Anya Dining Chair","Dining","/media/catalogue/ce8016471f4553ee.webp","Midnight Blue | Salmon | Grey | Sage Green | Taupe",""
"9087356010819","Fredrik 2 Drawer Console Table","Living Room","/media/catalogue/19c4751f3931602b.webp","Grey Marble | Oak | Walnut",""
"8640951451971","Silvia Chair - Chrome Legs","Dining","/media/catalogue/926a691186d08fca.webp","Blue | Taupe | Grey | Black | Yellow",""
"8640942604611","Silvia Chair - Black Legs","Dining","/media/catalogue/069b21e70dc968e6.webp","Toupe | Grey | Black | Yellow | Blue",""
"8639564054851","Lucy Hanging Mirror","Accessories","/media/catalogue/833355291675db01.webp","Default Title",""
"8639562940739","Lucy One Drawer Locker","Bedroom furniture","/media/catalogue/6aa0b96c6afb1514.webp","Default Title",""
"8765186343235","Kendra Rocking Chair Grey Fabric - WH","Chairs & Footstools","/media/catalogue/df76161f9769e511.webp","Default Title",""
"9073975525699","Hugo 2.1 Metre Table with Pedestal Leg","Dining","/media/catalogue/f6b71f7673a5cda3.webp","Grey | Oak | Walnut",""
"9072457679171","Tapas Round Table","Dining","/media/catalogue/82f9a93bea8e86ab.webp","Grey | Walnut | Oak",""
"9072438968643","Tapas Square Table","Dining","/media/catalogue/7b6587cf0df435ef.webp","Grey | Oak | Walnut",""
"9072432087363","Vetro Lamp Table","Lighting","/media/catalogue/2140237c8db7e8e9.webp","Oak | Grey | Walnut",""
"9072435396931","Vetro Console Table","Living Room","/media/catalogue/aab5842b7a16c154.webp","Oak | Grey | Walnut",""
"9072426713411","Vetro Coffee Table","Living Room","/media/catalogue/e3fdffbc70771db7.webp","Oak | Grey | Walnut",""
"9072419340611","George Lamp Table","Lighting","/media/catalogue/5be3718ddc930c2f.webp","Grey Oak | Grey Marble | Oak",""
"9072406397251","George Coffee Table","Living Room","/media/catalogue/be9f3eab9b5b627f.webp","Grey Oak | Grey Marble | Oak",""
"9061622186307","Francesca Wide Chest","Bedroom furniture","/media/catalogue/f2ee2160fce6cd3c.webp","Default Title",""
"9061619597635","Francesca Tall Chest","Bedroom furniture","/media/catalogue/b7df38ad8ce0f392.webp","Default Title",""
"9061375017283","Farrell Chests","Bedroom furniture","/media/catalogue/6626d3824ef5e720.webp","3 Drawer Chest | 4 Drawer Chest",""
"9061030265155","Farrell Locker","Bedroom furniture","/media/catalogue/f1550f057a9f893b.webp","Default Title",""
"8821771108675","Napoli Dining Set","Dining","/media/catalogue/1143ee1a2843e349.webp","Default Title",""
"9061634015555","Blox Wide Chest","Bedroom furniture","/media/catalogue/e46a0e1a2621e48a.webp","Default Title",""
"9061630968131","Blox Chest of Drawers","Bedroom furniture","/media/catalogue/12f89cbbc1d64618.webp","Default Title",""
"9072477700419","Doda Tall Bookcase","Living Room","/media/catalogue/4b8f464a17421313.webp","Default Title",""
"9072472883523","Doda Dining Table","Dining","/media/catalogue/38b07fe06f9ec2f5.webp","Default Title",""
"9072474587459","Doda Coffee Table","Living Room","/media/catalogue/c3d5e639f243b417.webp","Default Title",""
"9072464757059","Erik Table 1.6 Metre","Dining","/media/catalogue/0b40e79c17436b1c.webp","Grey | Oak | Walnut",""
"9062523601219","Canyon Lamp Table","Lighting","/media/catalogue/cc04c85e581618be.webp","Oak | Marble | Grey Oak",""
"9062533824835","Canyon Coffee Table","Living Room","/media/catalogue/5edc78bddf61e7a3.webp","Grey Oak | Marble | Oak",""
"8612247667011","Silver TV Unit S32M-SV","Living Room","/media/catalogue/879dbd9ead2cb6e3.webp","Default Title",""
"8821734244675","Ohio Bunk Bed","Kids Furniture","/media/catalogue/d3b0fe211f531a2f.webp","Default Title",""
"8978759778627","Fredrik Bench","Dining","/media/catalogue/60882ae44a506eb2.webp","Walnut | Oak",""
"8978737234243","Fredrik 1800 Table X Leg","Dining","/media/catalogue/0c8b51d7d54b204a.webp","Oak | Walnut",""
"8985555861827","Katie Armchair","Chairs & Footstools","/media/catalogue/d6e3a5bddd8fec84.webp","Mink | Silver | Grey",""
"8985860407619","Writing Desk Grey","Home office","/media/catalogue/3944b326f5360a28.webp","Default Title",""
"6884151722171","Archie Armchair","Chairs & Footstools","/media/catalogue/eb97c364b0ad57c8.webp","Blue/Slate | Grey",""
"8945344348483","Columbia Console Table","Living Room","/media/catalogue/9e158151f6cb691b.webp","Charcoal & Oak | Navy & Oak",""
"8945330848067","Chantelle Console Table","Living Room","/media/catalogue/824b64751afbaed5.webp","Default Title",""
"8630327705923","Union Fabric Bean Chair - Brown (Kaki)","Kids Furniture","/media/catalogue/3ed5391537216294.webp","Default Title",""
"6815460851899","Aspen Sofa Bed","Sofas & Chairs","/media/catalogue/ac70eff8c35376e7.webp","Teal/Grey Patchwork | Mustard Blue Patchwork | Charcoal | Denim Blue",""
"8821774221635","Verona Dining Set","Dining","/media/catalogue/27ba946e31941369.webp","Default Title",""
"8821752365379","Edel Console Table","Living Room","/media/catalogue/f5ff4aeb10a0ec0c.webp","Default Title",""
"8821735129411","Solteira Bunk Bed","Kids Furniture","/media/catalogue/87e2ea302d6fa784.webp","White | Grey",""
"8821733622083","Colton Bunk Bed","Kids Furniture","/media/catalogue/050d4ddc55d8c6c1.webp","Default Title",""
"8821721956675","Como folding bed","Beds","/media/catalogue/bfa976c2f9420fca.webp","Default Title",""
"8821630533955","Colton 3' Bed","Beds","/media/catalogue/d630d223f010adb5.webp","White | Charcoal",""
"8648138621251","Raffa Dining Set","Dining","/media/catalogue/db156945202d7ce4.webp","Default Title",""
"8640932938051","Fredrik Chair PU","Home office","/media/catalogue/436ab949231b1bb7.webp","Black | Blue | Grey | Yellow | Taupe",""
"8756820345155","Quebec Round Coffee Table Set Medium Oak Effect/Black - WH","Living Room","/media/catalogue/f408ce3cf4129abf.webp","Default Title",""
"8756809990467","Ottawa 1 Drawer Coffee Table Medium Oak Effect/Black - WH","Living Room","/media/catalogue/9b684cf64807e392.webp","Default Title",""
"8756524417347","Athens Round Coffee Table Set Concrete Effect/Black - WH","Living Room","/media/catalogue/55587b134a59837e.webp","Default Title",""
"8681318187331","Quebec Wave Edge Nest of Tables - WH","Living Room","/media/catalogue/4867cbb764c0c2f0.webp","Medium Oak Effect | Concrete Effect",""
"8681314713923","Quebec Straight Edge Nest of Tables - WH","Living Room","/media/catalogue/45512d96a2b64c8f.webp","Default Title",""
"7777742291131","Toronto Sliding Wardrobe 2.5 BR","Bedroom furniture","/media/catalogue/6de6026058bded09.webp","White | Oak",""
"7675717157051","Chantelle Dining Chair","Dining","/media/catalogue/40c13f0ee345f112.webp","Grey | Cappucino",""
"8648168243523","Harry Stool","Dining","/media/catalogue/1cbbc330ae63c1a7.webp","Grey | Pumpkin | Black",""
"8648379695427","Jack Fireside Chair","Chairs & Footstools","/media/catalogue/8943219353d2c065.webp","Grey | Blue | Brown",""
"8648169619779","Lisbon PU Chair","","/media/catalogue/b6b8ee85d9d01a01.webp","Black | Cream",""
"8648393687363","Manhattan TV Unit","Living Room","/media/catalogue/b0674d220029958f.webp","Default Title",""
"8648394768707","Oak Writing Desk","Home office","/media/catalogue/10b66f81cf82cd90.webp","Default Title",""
"8648189149507","Olive Cream & Oak Stool","Dining","/media/catalogue/00a127759107d8fe.webp","Default Title",""
"8648306786627","Rochester Cream & Oak chair","Dining","/media/catalogue/13589b60e0d93cb5.webp","Cream + Oak | Grey + Oak",""
"8648311046467","Thames Cream & Oak Chair","Sofas & Chairs","/media/catalogue/13a85d7022a6cd32.webp","Cream & Oak | Grey & Oak",""
"8648153006403","Columbia Chair","","/media/catalogue/14057c9205e70b92.webp","Oak & Pu  Seat | Grey & Pu Seat | Charcoal Pu Seat | Cream & Oak Wood Seat | Grey & Oak Wood Seat",""
"8647940473155","Chantelle Compact Set","Dining","/media/catalogue/fcbfafb5eaf9d199.webp","Default Title",""
"8647908098371","Chantelle 4′ Grey Fixed Top Dining Set","Dining","/media/catalogue/7f3108cd856dd416.webp","Default Title",""
"8639565005123","Lucy Double Wardrobe","Bedroom furniture","/media/catalogue/b152ff92eebdf0a4.webp","Default Title",""
"8639563923779","Lucy 3 Drawer Chest","Bedroom furniture","/media/catalogue/1dcae370bc587655.webp","Default Title",""
"8639440748867","Lucy 3ft Bed","Beds","/media/catalogue/f12b937b7bbf7791.webp","Default Title",""
"8639432753475","Whitney 3+2 Drawer Chest","Bedroom furniture","/media/catalogue/40475ee9c29425a0.webp","Default Title",""
"8639422857539","Whitney 3 Drawer Locker","Bedroom furniture","/media/catalogue/e69e33d30cae694b.webp","Default Title",""
"8639334089027","Jack 6 Drawer Wide Chest","Bedroom furniture","/media/catalogue/1c4c9c6678d68aa9.webp","Default Title",""
"8639334482243","Jack 5 Drawer Tall Chest","Bedroom furniture","/media/catalogue/feed4e0b4090a64e.webp","Default Title",""
"8639296176451","Jack 2 Drawer Locker","Bedroom furniture","/media/catalogue/a5b89dea75c89f09.webp","Default Title",""
"8639683854659","Dario 1.4 Metre Dining Table with Chrome Legs","Dining","/media/catalogue/5b6b2299e159a017.webp","Default Title",""
"8639675760963","Dario 1.4 Metre Dining Table with Black Legs","Dining","/media/catalogue/08c5eaa1ba19336e.webp","Default Title",""
"8640133824835","Branca Dining Chair","Dining","/media/catalogue/d03df86b7998d1f9.webp","Black | Blue | Grey | Yellow | Taupe",""
"8640826868035","Vicenza Dining Chair Tuape","Dining","/media/catalogue/0ff3405e0a9db36a.webp","Default Title",""
"8640889618755","Liana Chair with Black Legs","Dining","/media/catalogue/8ed36e7278f344e0.webp","Black | Taupe | Yellow | Grey | Blue",""
"8640922124611","Liana Chair Chrome Legs","Dining","/media/catalogue/b1e27850e73e374f.webp","Black | Taupe | Grey | Blue",""
"8640938017091","Retro Dining Chair","Dining","/media/catalogue/1c712fd1f0d13d64.webp","Sage Green | Shadow Brown | Skylight Blue | Pale Oyster | Concord Grey",""
"8640187400515","Retro Bar Stool","Dining","/media/catalogue/a089350d947aaa0c.webp","SAGE GREEN | SHOWOW BROWN | SKLIGHT BLUE | PALE OYSTER | CONCORD GREY",""
"8640194347331","Talia Bar Stool","Dining","/media/catalogue/9c2b919095c6df6a.webp","Grey Velvet | Blue Velvet | Orange Velvet",""
"8639697256771","Branca Bench PU","Dining","/media/catalogue/93cb3c35b346e6bf.webp","Branca Blue | Branca Grey",""
"8630273638723","Callie Accent Chair","Chairs & Footstools","/media/catalogue/61e89538a706c948.webp","Viola Camel | Viola Amber Green | Viola Aluminium | Sic Vogue 9 Amber",""
"8630289269059","Boston Sofa Bed","Sofas & Chairs","/media/catalogue/392b97d96cca658c.webp","Boston Yellow/Blue Patchwork | Boston Teal/Grey Patchwork | Boston Deep Terra | Boston Stone | Boston Winter Moss",""
"8612249043267","Tower Gas Lift - 5FT","Beds","/media/catalogue/e729c61b4e4f06eb.webp","Default Title",""
"8612248617283","TV Unit T32-S","Living Room","/media/catalogue/7cc79db8ff8b0600.webp","Default Title",""
"8612248518979","Soho Locker","Bedroom furniture","/media/catalogue/6198a2b48c2f31c7.webp","Default Title",""
"8612248191299","Soho Footstool","Chairs & Footstools","/media/catalogue/56572f0b860d75df.webp","Default Title",""
"8612247699779","Silver TV Unit S36M","Living Room","/media/catalogue/c827a87d6adde60a.webp","Default Title",""
"8612244324675","Kilkenny Silver Locker","Bedroom furniture","/media/catalogue/b8cd2caa580c8aac.webp","Default Title",""
"8612239900995","DP48-SV TV STAND","Living Room","/media/catalogue/b53d90376c70b103.webp","Default Title",""
"8612239016259","Chair & Footstool 1986","Chairs & Footstools","/media/catalogue/56bf34585b527385.webp","Light Grey | Dark Grey",""
"8612237377859","A60-U","","/media/catalogue/f24686bdf01a543d.webp","Default Title",""
"8612237214019","5280 - TV Unit","Living Room","/media/catalogue/69abdb01af1fc55d.webp","Default Title",""
"8361295315267","Ortho Guest Bed with trundle / 2 Mattresses FE","Beds","/media/catalogue/214dca9a58e8f897.webp","Default Title",""
"7777741799611","Toronto Sliding Wardrobe BR","Bedroom furniture","/media/catalogue/41f4ebba767da0ad.webp","White | White | White | White | Oak | Oak | Oak | Oak",""
"7755757027515","Max Sofa Bed","Sofas & Chairs","/media/catalogue/a050361bd984410c.webp","Default Title",""
"7674884096187","Columbia Table & Chairs","Dining","/media/catalogue/b15458a321c65c1a.webp","Default Title",""
"7674868564155","Chantelle Cappuccino Set","Dining","/media/catalogue/51dd435a1d5746f4.webp","Cappacunio | Grey",""
"7466781868219","Denmark Sliding Wardrobe","Bedroom furniture","/media/catalogue/fe7b43338a03a5ac.webp","1.2 | 1.2 | 1.2 | 1.2 | 1.5 | 1.5 | 1.5 | 1.5",""
"7051384455355","Home Trends Furniture Gift Voucher","Gift vouchers","/media/catalogue/30a81b6d49eefa46.webp","€50.00 | €100.00 | €200.00 | €300.00 | €400.00 | €500.00 | €600.00 | €700.00 | €800.00 | €900.00 | €1,000.00",""
"7009924382907","Boston Sliding Wardrobe","Bedroom furniture","/media/catalogue/ee376e4b41d95333.webp","2M | 2M | 2.5M | 2.5M | 2.5M",""
"7009888370875","Cuba Sliding Wardrobe","Bedroom furniture","/media/catalogue/04007081ad44b191.webp","1.8M | 1.8M | 1.8M | 1.8M | 1.2M | 1.2M | 1.2M | 1.2M",""
"7001241911483","Opal 6ft Mattress","Mattresses","/media/catalogue/9e037b14f4114122.webp","Default Title",""
"7001241223355","Opal 5ft Mattress","Mattresses","/media/catalogue/424d4bc07e158b88.webp","Default Title",""
"7001240109243","Opal 4ft6 Mattress","Mattresses","/media/catalogue/7461db08e045c77f.webp","Default Title",""
"7001239552187","Opal 4ft Mattress","Mattresses","/media/catalogue/8d3d8ac423482c52.webp","Default Title",""
"7001238700219","Opal 3ft Mattress","Mattresses","/media/catalogue/8f841d1c8e2c86d0.webp","Default Title",""
"6967476912315","Vicenza Console Table","Living Room","/media/catalogue/a6d49fba90e76b74.webp","Dark Grey",""
"6921593422011","Cassie Bunk Bed","Kids Furniture","/media/catalogue/1dcc47bac102907e.webp","Grey | White",""
"6884152082619","Roxy 2 Seater Sofa","Sofas & Chairs","/media/catalogue/9fa63971fac60d90.webp","Grey | Dark Grey",""
"6849575846075","Sarah Black PU Office Chair","Home office","/media/catalogue/4e518c1f7b570d0e.webp","Default Title",""
"6847124570299","Galina Dining Set","Dining","/media/catalogue/6752c093437a4209.webp","Cream and Oak | Grey and Oak | Light Oak",""
"6847052447931","Dropleaf Dining Set","Dining","/media/catalogue/f28e76fcc1af57a0.webp","Honey Oak | Grey",""
"6819445276859","Quilted Bean Bag","Chairs & Footstools","/media/catalogue/216a8be17f04bd51.webp","Pink | Royal Blue | Red",""
"6819444228283","Kid's Recliner With Cupholder","Chairs & Footstools","/media/catalogue/74ec6a897a700b06.webp","Beige | Red | Blue | Light Pink | Black",""
"6819411296443","Lynn Accent Chair","Chairs & Footstools","/media/catalogue/028119669d469acb.webp","Blush",""
"6819410018491","Kirkby Sofa Bed","Sofas & Chairs","/media/catalogue/125c7dc5bc30e882.webp","Grey",""
"6815460786363","Emily Patchwork Cube","Kids Furniture","/media/catalogue/6362bbf0bf9bd85d.webp","Multi-colour",""
"6815460720827","Annah Linen Patchwork Chair Multicolour","Kids Furniture","/media/catalogue/d0676b2028f7fed0.webp","Patchwork",""
